id,name
1,Alejandro Rosalez
2,Akua Mansa
3,Ana Carolina Silva
4,Arnav Desai
5,Carlos Salazar
6,Diego Ramirez
7,Efua Owusu
8,Jane Doe
9,Jane Roe
10,John Doe
11,John Stiles
12,Jorge Souza
13,Kwaku Mensah
14,Kwesi Manu
15,Li Juan
16,Liu Jie
17,Márcia Oliveira
18,María García
19,Martha Rivera
20,Mary Major
21,Mateo Jackson
22,Nikhil Jayashankar
23,Nikki Wolf
24,Paulo Santos
25,Richard Roe
26,Saanvi Sarkar
27,Shirley Rodriguez
28,Sofía Martínez
29,Wang Xiulan
30,Zhang Wei